id,first_name,last_name,email,phone,address,city,state,country,postal_code,status,date_created,date_completed,token,claimed_by
1,Molly,Johnston,molly.johnston@example.com,7362635127,2044 Morrison Ridge,Los Angeles,California,USA,01844,pending,2024-11-03 04:16:28,,47bc522b-a867-4b73-a77d-aaa28d12b801,12
2,Juan,Fisher,juan.fisher@example.com,8529272555,3408 Arnold Courts,San Jose,California,USA,41438,pending,2024-12-31 06:53:18,,e35e25d7-f38e-43bd-8240-344150bb8286,17
3,Andrea,Davies,andrea.davies@example.com,9850339185,414 Danielle Fields Suite 134,Los Angeles,California,USA,55043,pending,2024-12-25 20:04:16,,f8fc4398-c760-4318-88d8-beee2d669644,3
4,Keith,Fields,keith.fields@example.com,7108802187,588 Harmon Road Apt. 554,Los Angeles,California,USA,29334,in_progress,2024-11-10 00:51:11,,6a5ffcac-cabf-4792-9fa0-6b4290349624,18
5,Megan,Yates,megan.yates@example.com,5757490802,203 Hailey Bypass Suite 598,Sacramento,California,USA,37157,in_progress,2025-01-20 06:12:44,,8ddbf194-0871-4fab-8a0e-60ba29df2136,8
6,Stephanie,Jackson,stephanie.jackson@example.com,8698556363,8689 Victoria Throughway,San Jose,California,USA,53815,completed,2024-12-10 11:08:23,2024-12-12 21:46:18,f6dd8ea9-5956-47a3-b51a-89867e48b341,5
7,Austin,Smith,austin.smith@example.com,6762293066,25041 Jessica Mountains Apt. 351,Sacramento,California,USA,27410,completed,2025-01-16 00:17:23,2025-01-18 06:59:29,fd52114b-ee4f-44b2-afd7-93228221a4e9,3
8,Victoria,Glass,victoria.glass@example.com,5637993925,23690 Howard Circles,San Diego,California,USA,20452,completed,2024-12-05 09:41:21,2024-12-07 17:03:45,a5079ff8-e3ff-48bc-870e-4a14527bc744,17
9,Jacob,Carroll,jacob.carroll@example.com,2456367762,560 Stacey Loop Suite 787,San Diego,California,USA,26513,in_progress,2024-11-01 01:28:18,,d46e67fb-4114-4be1-b3d2-24e610b6ffa6,11
10,Sandra,Rodriguez,sandra.rodriguez@example.com,2162980336,881 Mcbride Manor,San Diego,California,USA,44625,pending,2025-01-01 01:16:42,,099aba6f-4497-4b18-9836-26ff4efb8fe3,5
11,Melinda,Pugh,melinda.pugh@example.com,8599468083,380 Joshua Heights Apt. 395,San Jose,California,USA,39196,completed,2024-11-15 22:18:25,2024-11-16 07:59:14,6e62146b-6db2-40e4-854b-9d64dc3c9955,9
12,Sydney,Brown,sydney.brown@example.com,5058051316,96922 Alyssa Common,Los Angeles,California,USA,53259,pending,2025-01-13 11:00:54,,38c2df06-0715-486b-abb7-97e1e23fff16,18
13,Andrea,Ramirez,andrea.ramirez@example.com,6150406569,93233 Mark Mission Suite 015,San Jose,California,USA,14132,in_progress,2024-12-02 13:37:39,,1da7fb1b-bc1b-47bd-ba57-afbc28d414ef,9
14,Susan,King,susan.king@example.com,2324507399,2783 Andrea Way,Sacramento,California,USA,53750,completed,2024-12-20 13:43:50,2024-12-20 15:45:11,c9239a29-7aef-400a-b433-4053cea9a2b8,7
15,Alexis,Wallace,alexis.wallace@example.com,1515835338,650 Michelle Isle Suite 216,San Jose,California,USA,17145,pending,2024-12-02 01:29:57,,32b59d36-2743-49bb-b795-64cec1b75df5,23
16,Tracy,Lowe,tracy.lowe@example.com,6818681630,521 Kathleen Vista,San Diego,California,USA,34428,completed,2024-12-04 22:25:19,2024-12-05 08:25:18,b4dca9fe-a632-4a2a-9496-9689f6866d1c,6
17,Victor,Buchanan,victor.buchanan@example.com,9547178629,71970 Joseph Mission,San Jose,California,USA,29240,in_progress,2024-11-02 01:41:46,,5bf0b5ac-e066-475a-abeb-e7f971d5696c,15
18,Daniel,Castillo,daniel.castillo@example.com,9393040352,65391 Byrd Circle,Los Angeles,California,USA,43082,pending,2024-12-12 19:22:10,,6da66913-415c-4577-9dd0-db68f1f43427,7
19,Charles,Davis,charles.davis@example.com,7418850277,00044 Smith Throughway Apt. 999,Los Angeles,California,USA,96974,completed,2024-12-19 09:05:14,2024-12-20 13:44:26,a3ba9b93-105c-4d90-b967-8a812d6415b9,23
20,Michael,Bailey,michael.bailey@example.com,7736167996,317 Greene Shoals,San Francisco,California,USA,25718,completed,2024-10-22 13:47:07,2024-10-23 02:15:33,26c03b44-ae3c-4929-a33d-fe70bac3c6b8,9
21,Jacob,Ramirez,jacob.ramirez@example.com,5079728579,5202 Keith Stream,Los Angeles,California,USA,38369,in_progress,2024-10-23 06:23:43,,660e96cf-b28d-427e-8ccb-f9a659065f94,13
22,Cheryl,Smith,cheryl.smith@example.com,6018658356,39780 Richardson Parks Apt. 300,San Diego,California,USA,91826,completed,2024-11-13 08:04:19,2024-11-13 13:51:01,ddf3e8e8-4042-44bf-9ff4-3f923041a810,6
23,Stacy,Mcgee,stacy.mcgee@example.com,5576442126,5176 Myers Crossing Apt. 598,Sacramento,California,USA,95312,pending,2024-12-25 14:37:04,,c323d292-fdd5-44fd-9a21-4b069e665ce9,21
24,Kendra,Fernandez,kendra.fernandez@example.com,6049597898,01648 Beth Trafficway Suite 077,San Diego,California,USA,34977,completed,2024-11-05 08:54:36,2024-11-10 09:34:26,aa70bfe8-4cdc-4032-9022-070a6ecbca64,8
25,Lance,Gonzalez,lance.gonzalez@example.com,5175413391,724 Peters Square Suite 708,San Diego,California,USA,30486,completed,2024-11-04 19:47:03,2024-11-11 16:15:19,207e11d9-ddf4-43b7-a563-6190884ed837,23
26,William,Banks,william.banks@example.com,8438594483,875 Stephanie River,San Jose,California,USA,66540,completed,2024-11-29 19:04:14,2024-11-30 03:23:47,c532198b-0125-4306-bb9a-2e0d86c8ff9b,8
27,Jay,Ward,jay.ward@example.com,1526982379,994 Charles Lake Apt. 510,San Francisco,California,USA,63935,in_progress,2024-11-16 18:30:56,,14f38272-2013-4048-a15f-441d3a10c47f,16
28,Andrew,Mcdaniel,andrew.mcdaniel@example.com,4570386828,70659 Carpenter Extensions Suite 578,San Francisco,California,USA,28494,pending,2024-12-01 13:20:47,,d4a2d941-0372-4ad5-b566-cafdf06438e2,23
29,Patrick,Odonnell,patrick.odonnell@example.com,3591713827,0062 Sergio Turnpike Suite 037,San Jose,California,USA,36726,completed,2025-01-11 05:46:40,2025-01-14 17:36:26,52798981-735a-453a-a231-f8697b810f11,18
30,John,Bullock,john.bullock@example.com,3907753640,762 Joshua Meadows Suite 552,Los Angeles,California,USA,80110,in_progress,2024-12-11 06:29:20,,e3303b39-7c01-4f44-8b8e-3dd00e3d5be8,6
31,Larry,Bauer,larry.bauer@example.com,9581743043,19596 Daugherty Garden Apt. 165,Los Angeles,California,USA,05122,completed,2024-11-12 08:43:30,2024-11-23 01:00:47,055e420a-5181-4296-8d3c-6f04a2c00404,21
32,Kathleen,Deleon,kathleen.deleon@example.com,7407616467,5715 Campbell Forges,San Francisco,California,USA,07926,pending,2025-01-17 20:47:12,,2481593f-cfbb-4a49-ad7f-b447525beeb9,7
33,Barbara,Vega,barbara.vega@example.com,9152897884,99653 Wright Flats Suite 438,Los Angeles,California,USA,52815,in_progress,2024-12-22 21:31:55,,1eb31764-4a8b-4d22-ba94-0b0e952084dd,11
34,Sarah,Graham,sarah.graham@example.com,3459743174,869 Warren Lights,San Diego,California,USA,60924,completed,2024-12-07 09:16:57,2024-12-11 21:36:40,0398d863-1b89-45e6-ac62-afec13eed30c,8
35,John,Martin,john.martin@example.com,5893474605,2528 Elliott Avenue,San Francisco,California,USA,09709,in_progress,2024-11-26 11:49:33,,21b01fb9-4007-467d-a3be-7fe25619ea85,16
36,Theresa,Jensen,theresa.jensen@example.com,9257168986,2776 Barker Row,San Diego,California,USA,86616,pending,2024-11-07 10:20:12,,bf74a421-820a-496f-8a3e-b2fb122cbe93,22
37,Sarah,Rush,sarah.rush@example.com,1867142582,75427 Nicholas Mill Apt. 124,Los Angeles,California,USA,32552,completed,2024-11-20 17:15:22,2024-11-24 05:00:24,6ac28021-5f47-46dd-8b5b-533526b4eb8a,4
38,John,Durham,john.durham@example.com,6919098371,44482 Williams Pass,San Francisco,California,USA,09675,completed,2025-01-16 13:07:33,2025-01-22 13:18:15,9697242c-1ad2-409b-b527-9f67b762fc5e,9
39,Michael,Good,michael.good@example.com,2774158863,3785 Sherri Vista Apt. 485,San Francisco,California,USA,40933,pending,2024-12-12 08:14:59,,3cb74a82-ebf7-4c55-8352-a278698002c5,3
40,Kenneth,Lambert,kenneth.lambert@example.com,7682162542,281 Brian Drives,San Jose,California,USA,27125,completed,2024-11-19 00:15:43,2024-11-22 18:04:18,2da05ca5-e09a-4c9b-98ff-cb74994b1a09,3
41,Stephanie,Miller,stephanie.miller@example.com,8549917641,641 Hopkins Cape,Sacramento,California,USA,56110,completed,2024-11-20 14:13:46,2024-11-27 20:08:12,47e4b04a-2ece-49d4-8bdc-2bc503094c56,17
42,Brenda,Brooks,brenda.brooks@example.com,8939427130,8701 Dillon Plain Apt. 227,San Francisco,California,USA,55436,pending,2024-11-11 13:15:36,,0786e761-272a-4c00-885f-30b7bc8b990f,16
43,Todd,Blackwell,todd.blackwell@example.com,6342610354,97085 Odonnell Oval,San Diego,California,USA,47514,in_progress,2024-10-26 20:10:16,,0f6ad21e-f1f7-466b-9876-69d24e48f081,16
44,Debra,Johnson,debra.johnson@example.com,3598547327,889 Margaret Inlet Apt. 152,San Jose,California,USA,79701,completed,2024-10-22 11:06:34,2024-10-22 11:17:25,3cbd015c-962f-4b11-96e6-ad9c3ac71fae,18
45,Kirk,Rodgers,kirk.rodgers@example.com,8767296538,34273 Madeline Dale Suite 193,Sacramento,California,USA,77892,in_progress,2024-11-21 13:45:08,,97f15f27-3ee7-4cdd-ad6a-905eaab5e4dc,13
46,John,Turner,john.turner@example.com,6525698154,902 Erica Mission,San Jose,California,USA,99908,in_progress,2024-12-26 17:45:56,,4b51e624-7a69-445a-93b2-344b644a5379,10
47,Christopher,Frederick,christopher.frederick@example.com,8459326956,17853 Craig Creek,San Francisco,California,USA,16992,pending,2024-11-08 12:01:08,,3be2519b-4a6e-4d6d-b85e-0fda3c46f107,5
48,Susan,Brown,susan.brown@example.com,7025913584,3513 Holly Ramp Suite 786,San Jose,California,USA,57261,completed,2024-10-23 08:20:39,2024-10-23 16:24:56,74ce6f25-cf2b-40a7-ab54-343b0407d2e6,10
49,Amber,Hill,amber.hill@example.com,7920149568,42894 Davis Village Apt. 460,San Jose,California,USA,03856,in_progress,2024-10-27 09:53:44,,a1de0ba9-678f-4e26-8274-b87c25bf71ff,5
50,Allison,Vargas,allison.vargas@example.com,7851575983,97267 Joanna Mall,San Jose,California,USA,26737,in_progress,2024-11-29 19:05:26,,04906709-d6ec-40ac-a271-b4ec5cb9e8fd,21
51,Matthew,Miranda,matthew.miranda@example.com,4448892764,410 Johnson Manor,San Jose,California,USA,35070,pending,2024-11-12 19:55:15,,407f5266-617f-4167-8660-b622112073a9,11
52,Allen,Ramirez,allen.ramirez@example.com,1504670633,03910 Hinton Mission Suite 492,Sacramento,California,USA,16216,pending,2024-11-17 10:49:56,,b0790fa5-e87b-4213-92b3-3158b3158ba6,7
53,Matthew,Davis,matthew.davis@example.com,5799632920,64501 Hernandez Tunnel Apt. 880,San Jose,California,USA,54443,pending,2024-10-28 23:04:36,,a34f986b-75b8-4e02-ad4d-b40351ae1ae6,16
54,Jared,Washington,jared.washington@example.com,8285672151,3800 Gonzalez Avenue Suite 531,Sacramento,California,USA,74235,pending,2024-11-05 10:44:14,,fe1c2a4a-e32b-4da9-9f81-9a393fb35c57,18
55,Kelly,Williams,kelly.williams@example.com,7456079441,102 Christian Creek,San Jose,California,USA,79669,completed,2024-11-22 20:56:52,2024-11-24 06:35:38,32d31dc8-aa3e-49f5-9da5-89f1bbcc23d2,9
56,Jennifer,Johnson,jennifer.johnson@example.com,7287490516,115 Solomon Lake Suite 795,San Francisco,California,USA,60839,completed,2024-12-01 07:41:52,2024-12-01 16:40:32,278fb39c-95a1-4d14-aaa6-704f0559fa97,22
57,Amanda,Phillips,amanda.phillips@example.com,8677774234,36116 Nancy Forest Suite 794,Los Angeles,California,USA,48235,completed,2025-01-10 20:15:01,2025-01-12 02:37:52,d44f53d0-bd31-4283-bba8-28f9afbdec07,23
58,Steven,Johnson,steven.johnson@example.com,7549773658,53416 Casey Points,Sacramento,California,USA,85547,in_progress,2024-12-07 03:04:40,,df68f298-e702-4359-99f5-60e9a30f0e08,23
59,Michelle,Mcclure,michelle.mcclure@example.com,8789564387,94422 Duran Cape,San Diego,California,USA,31752,pending,2024-11-13 07:20:58,,053d188a-d006-4519-8441-e94ab3404eb2,5
60,Alicia,Cherry,alicia.cherry@example.com,7383893335,832 Amanda Road,Los Angeles,California,USA,66813,completed,2024-12-24 11:59:39,2024-12-26 19:33:20,199fc3ef-8de6-4fb6-9b9d-9e7180d8fb69,10
61,Emily,Brown,emily.brown@example.com,5250681970,85873 Barnes Gateway Apt. 890,San Diego,California,USA,11861,in_progress,2024-10-30 14:59:31,,3395da43-3b3d-4a3d-9297-d7630d9083bf,2
62,Mark,Shaw,mark.shaw@example.com,9250096231,475 Mitchell Key,Sacramento,California,USA,56527,in_progress,2024-12-05 00:36:46,,21904a11-e976-42ab-acd1-beac77f8b848,13
63,Timothy,Cunningham,timothy.cunningham@example.com,1365165500,44090 Cheryl Station,Sacramento,California,USA,36827,in_progress,2024-10-26 22:35:39,,a89aa5d1-825c-420e-a5f5-fe48434d84b4,6
64,William,Riggs,william.riggs@example.com,1224026741,8933 Daniel Alley Suite 723,Sacramento,California,USA,67569,pending,2024-12-14 15:18:47,,7c6bb348-4ea2-4924-aa70-a67652f20cf0,11
65,Michelle,Park,michelle.park@example.com,2828686808,54294 Matthew Meadows Apt. 375,Los Angeles,California,USA,25314,pending,2024-12-23 16:55:51,,e13b5271-abf2-415b-a91f-ba51f5a8ecfa,5
66,Lee,Martinez,lee.martinez@example.com,2279711886,580 Tiffany Tunnel Suite 411,Sacramento,California,USA,49044,pending,2024-11-14 02:20:50,,e90456cc-aa98-437b-81d4-895ae0e90dbe,21
67,Claire,Davila,claire.davila@example.com,7339475019,03563 Samantha Villages,Los Angeles,California,USA,93284,pending,2024-12-07 00:10:57,,d174d8b4-915c-45bc-99ce-408f472c1297,12
68,Stanley,Cox,stanley.cox@example.com,8613576189,98318 Emily Stravenue,San Diego,California,USA,42890,in_progress,2024-11-25 13:18:11,,e1fc9cdb-86a0-45e2-a78c-31a12b7bc601,18
69,Corey,Miller,corey.miller@example.com,1098595336,132 Daniels Mount,Sacramento,California,USA,51905,completed,2024-12-26 19:05:14,2024-12-31 20:23:45,4c81d4d5-9cc3-48aa-8bbe-9d637aad766e,8
70,Pamela,Jackson,pamela.jackson@example.com,8453409041,21732 Mary Mount,Los Angeles,California,USA,83252,in_progress,2024-11-25 11:41:41,,365c6c54-4412-413a-b48f-9b121e4ce5a2,4
71,Alan,Owen,alan.owen@example.com,1873074486,3884 Boone Bypass Apt. 028,Los Angeles,California,USA,92478,completed,2025-01-20 05:04:53,2025-01-25 00:29:35,c290d2e4-e035-4fe6-ab8a-7664aeb06002,11
72,Brittany,King,brittany.king@example.com,7472765908,07967 Dale Cliff Apt. 349,Los Angeles,California,USA,21312,completed,2024-11-06 22:45:54,2024-11-09 06:05:24,da5e11ab-ea23-43d0-a243-d146b73f5667,9
73,David,Guzman,david.guzman@example.com,3393784226,5377 Karen Vista,San Diego,California,USA,33650,completed,2024-12-04 05:06:15,2024-12-05 02:58:40,407f384e-e0f9-4974-b300-eae9a5a5e7f1,9
74,Willie,Zhang,willie.zhang@example.com,3857321041,12520 Evans Forge Apt. 328,San Diego,California,USA,30797,in_progress,2024-11-25 15:05:18,,7eca5f84-0aee-41ad-958e-b9bf6de53a19,21
75,Anthony,Ellis,anthony.ellis@example.com,9080587013,8685 Bell Mountain Suite 776,Sacramento,California,USA,90574,in_progress,2025-01-13 22:11:21,,b571f1fa-0985-4129-96b8-bb36b9a75d7f,15
76,Harold,Rice,harold.rice@example.com,3691987727,64540 Reed Lights Apt. 778,San Diego,California,USA,87899,in_progress,2025-01-12 02:46:48,,0b04de3d-159e-483b-b929-ddfbfe4352e6,22
77,Melissa,Valdez,melissa.valdez@example.com,3235170065,7217 Jordan Throughway Apt. 818,San Jose,California,USA,19642,completed,2024-12-13 05:34:21,2024-12-15 03:12:24,5df771e9-31a7-4ff8-bf46-072aefb07922,20
78,Samantha,Anderson,samantha.anderson@example.com,2342065193,95976 Gibbs Village Suite 641,San Diego,California,USA,93818,completed,2024-10-24 04:24:16,2024-10-24 22:24:19,23c1629f-cd09-45d3-9763-56b91b0ff3c2,21
79,Michael,Johnson,michael.johnson@example.com,7535733679,109 Jacob Point Suite 762,San Diego,California,USA,22379,in_progress,2025-01-06 03:59:54,,1e7736da-6e6d-4b40-afb2-b60c430333fd,2
80,Jeffrey,Horne,jeffrey.horne@example.com,5893423757,102 Cole Islands Apt. 637,Los Angeles,California,USA,87656,completed,2024-12-04 01:13:03,2024-12-06 03:05:07,39255eb1-2268-4a8f-95ae-f5685244e333,15
81,Kevin,Kelly,kevin.kelly@example.com,3821141987,85467 Wilson View Suite 118,San Diego,California,USA,11351,in_progress,2024-12-05 22:27:15,,f08d5696-7747-42a5-801c-c690ab767d16,19
82,John,White,john.white@example.com,9792644942,6639 Brittany Burgs,San Jose,California,USA,20974,in_progress,2024-11-08 06:13:43,,f03ae4e7-7afd-4d26-9a13-9e33fb4bfac8,19
83,Jeffrey,Hernandez,jeffrey.hernandez@example.com,2788578964,083 Vega Station Apt. 997,Los Angeles,California,USA,03334,completed,2024-12-21 14:23:31,2024-12-23 19:54:37,a4021256-99cf-4763-b49e-a722ce5990eb,14
84,Richard,Olson,richard.olson@example.com,1906735320,9509 Hendrix Roads Apt. 477,Los Angeles,California,USA,57222,completed,2024-12-20 22:30:41,2024-12-25 11:31:29,d3ae6bd4-5a0c-4957-b682-75cd6961f5a1,16
85,Dennis,Goodman,dennis.goodman@example.com,8148989564,10764 Nathan Meadow Suite 410,San Jose,California,USA,99209,pending,2024-12-29 03:28:51,,2008d6cd-6393-4226-9fad-4aaab8bc3117,16
86,Tanya,Henson,tanya.henson@example.com,1218603032,60597 Amy Springs,Sacramento,California,USA,61670,completed,2024-11-25 03:13:39,2024-11-29 22:56:26,e5315c80-6c64-422c-8d09-f91e0b2f142a,6
87,Christopher,Harris,christopher.harris@example.com,3169749161,757 Valentine Estates,San Francisco,California,USA,68260,pending,2024-12-22 00:47:56,,0440885b-a902-4c8a-a214-5b9f56f93bd3,22
88,Sherry,Alexander,sherry.alexander@example.com,4091325856,512 Janet Stravenue Apt. 610,San Jose,California,USA,10866,completed,2024-11-14 20:05:44,2024-11-18 07:56:28,ee46ebac-43a3-47d2-84d0-27d752e3abd1,23
89,Emily,Cox,emily.cox@example.com,6261722640,829 William Lodge Suite 303,Los Angeles,California,USA,99402,in_progress,2024-12-27 13:18:16,,1472b564-5096-4115-8576-9d02d534f678,4
90,Kimberly,Mejia,kimberly.mejia@example.com,4787216982,67919 Russell Mountain,Sacramento,California,USA,87481,in_progress,2024-12-30 20:58:12,,92043e97-f5bf-4e24-8dbe-5ba685c98887,2
91,Kenneth,Tate,kenneth.tate@example.com,8642270865,3012 Rowland Flat Suite 957,San Francisco,California,USA,75518,in_progress,2024-11-23 07:37:38,,3aa962ce-a470-4790-87ba-d9e758f055e2,11
92,James,Smith,james.smith@example.com,7285881066,837 Kendra Pines Apt. 022,San Diego,California,USA,02885,in_progress,2024-12-06 04:43:25,,50dfaa33-40b6-4c44-8733-40fae4039fa0,14
93,Katherine,Foley,katherine.foley@example.com,1845167262,606 Wagner Roads Suite 665,Sacramento,California,USA,31502,in_progress,2024-10-27 06:41:13,,726a0cf4-e456-486d-800e-6d466da948e6,6
94,Kathleen,Dunn,kathleen.dunn@example.com,4739737939,18546 John Crest,Sacramento,California,USA,16048,pending,2024-12-12 17:18:30,,618f48d2-75ad-4c7f-82ec-c2d247b33d49,8
95,April,Grant,april.grant@example.com,6673379970,3793 Matthew Inlet,San Francisco,California,USA,91398,pending,2024-12-11 16:29:54,,79282b06-704f-4a5b-bbd9-c46bba665219,7
96,Joshua,Mason,joshua.mason@example.com,2181220265,113 Hudson Rapids,Los Angeles,California,USA,60281,in_progress,2025-01-20 22:06:59,,b42b07ab-ebc8-41a5-8edf-4fc46b7a6de2,19
97,Robert,Johnson,robert.johnson@example.com,6510816405,624 Todd Green,Sacramento,California,USA,86877,completed,2025-01-14 11:00:21,2025-01-14 11:06:16,c9f54444-b34a-4cb0-9ed5-5339711a51ea,18
98,Angela,Abbott,angela.abbott@example.com,1027105848,86658 Jennifer Parkway Suite 399,Sacramento,California,USA,33869,in_progress,2024-11-09 03:53:34,,5723c5d8-ff6a-401d-8b4a-545ec6c03c39,3
99,John,Williams,john.williams@example.com,6903166533,21311 Norris Shoals,San Jose,California,USA,27485,completed,2024-12-10 04:14:00,2024-12-13 16:27:41,247e10ce-b560-4187-93d1-87515f6c9b3c,8
100,Robert,Bush,robert.bush@example.com,7294967845,1126 Carol Burgs,Sacramento,California,USA,29946,in_progress,2024-12-09 08:14:34,,db99eadc-0504-471d-93fa-288df6f3867b,21
101,Jonathan,Duncan,jonathan.duncan@example.com,6410797370,0672 Thomas Village,Sacramento,California,USA,97510,in_progress,2025-01-17 01:49:11,,b5bd696e-cead-4ae0-b1b2-53021d7a3caa,2
102,Arthur,Henry,arthur.henry@example.com,9221316964,4381 Charles Falls,San Francisco,California,USA,79567,pending,2025-01-06 10:33:55,,e19969ac-08c0-42a3-a58c-c2fe10876586,22
103,Catherine,Benjamin,catherine.benjamin@example.com,9838744491,4841 Victor Turnpike,Los Angeles,California,USA,23049,completed,2024-12-14 16:46:11,2024-12-15 00:58:45,4530408b-bb05-41dd-a7fc-9bba77222d83,13
104,Trevor,Ramos,trevor.ramos@example.com,2900170480,58553 Jones Court,Sacramento,California,USA,84174,completed,2024-12-29 23:58:37,2024-12-30 20:49:14,868730c6-3c78-4f40-b318-819932b484c9,19
105,Lisa,Allison,lisa.allison@example.com,8073564143,46971 Christopher Mountain,San Francisco,California,USA,28777,pending,2024-12-08 19:19:41,,b9a239c3-56fc-4e37-808e-f18e03fc750e,20
106,Noah,Torres,noah.torres@example.com,5196509690,83148 Shannon Loop,Sacramento,California,USA,93858,completed,2024-11-11 05:03:32,2024-11-11 09:23:44,658e7b8d-08e4-4c78-85dd-defba839f1b1,5
107,Paul,Levy,paul.levy@example.com,8956256149,3612 Perry Place Suite 207,San Diego,California,USA,57494,completed,2024-10-30 21:06:38,2024-11-06 12:37:23,225b0f49-de96-4fcc-9ecd-8b461b183b80,14
108,Michael,Martinez,michael.martinez@example.com,9682799099,919 Franklin Court,San Francisco,California,USA,12667,pending,2025-01-01 18:20:16,,c5bfa423-1a67-4e58-8aab-60c0659706df,14
109,Megan,Schmidt,megan.schmidt@example.com,3219725120,204 Jennifer Haven Suite 949,San Jose,California,USA,99791,pending,2024-10-23 19:06:27,,7643d52b-82fb-40f1-b40d-994008fadd6d,10
110,Allison,Marquez,allison.marquez@example.com,9565699447,668 Lewis Extensions Suite 440,Los Angeles,California,USA,63578,pending,2024-10-25 01:40:22,,f872449c-0785-4f7f-881e-c78e710fd177,8
111,Richard,Schroeder,richard.schroeder@example.com,3526115292,484 Charles Mission Apt. 717,San Diego,California,USA,34349,completed,2024-12-09 22:36:31,2024-12-11 20:46:40,a45cd42b-1489-4a5c-8eb9-c28dfd2ee2c8,5
112,Calvin,Lewis,calvin.lewis@example.com,7135206990,4857 William Village,San Francisco,California,USA,58643,in_progress,2024-12-23 04:35:51,,5ed1ff75-22b9-4739-803d-502f5b29c3e9,17
113,Belinda,Mckay,belinda.mckay@example.com,2259030011,2038 Kimberly Viaduct Suite 188,San Diego,California,USA,86656,in_progress,2024-10-29 22:37:20,,8f9feeb6-a467-44eb-9ddc-0364a31eb157,4
114,Paul,Valdez,paul.valdez@example.com,6498240070,3044 Jill Lodge Apt. 618,Sacramento,California,USA,01530,pending,2025-01-05 18:10:20,,8a82896e-3c5b-4a7a-aeec-a3e303b66c7e,21
115,Vincent,Wilson,vincent.wilson@example.com,6504000223,40929 Martin Causeway,San Francisco,California,USA,86373,completed,2024-12-27 09:14:01,2024-12-29 06:13:03,0469fbfb-a7f1-4591-8f7d-a4aaecb15c80,11
116,Derek,Huffman,derek.huffman@example.com,4830655893,95764 Davis Village Suite 587,Sacramento,California,USA,81905,in_progress,2024-12-16 14:40:29,,79c97873-745e-4a67-abe5-270fdcbb5e43,23
117,Travis,Houston,travis.houston@example.com,9640014700,335 Bruce Mill Apt. 834,San Diego,California,USA,66884,in_progress,2024-11-28 09:34:21,,2bb2fb73-550f-4bb5-9e74-8db46f299bf1,9
118,Cynthia,Padilla,cynthia.padilla@example.com,3625577588,00168 Cooke Light,San Diego,California,USA,64944,completed,2024-11-26 09:49:26,2024-11-26 19:39:00,a4e28277-5d87-4bbb-af1c-ffc77f69a770,20
119,Susan,Lopez,susan.lopez@example.com,6023102992,56817 Collins Summit Suite 064,Sacramento,California,USA,56331,pending,2024-10-24 23:10:22,,d1afb1ca-dd41-4ae9-9bc3-988c7d7df9d3,14
120,Michelle,Campbell,michelle.campbell@example.com,7157707756,757 Linda Loaf Apt. 120,San Jose,California,USA,56923,pending,2024-12-30 21:54:23,,830bd068-888b-4130-a3fb-44644ae9066b,9
121,Vanessa,Martin,vanessa.martin@example.com,5810185283,10682 Lowery Light,San Francisco,California,USA,00614,pending,2024-12-02 07:47:23,,8c2a0241-9c9f-4857-9401-bfbe71832158,17
122,Brian,Hoover,brian.hoover@example.com,4411773308,92346 Denise Way,Sacramento,California,USA,83806,pending,2024-11-07 20:55:36,,974b69be-a877-4ee9-a9ae-7464769e4368,10
123,Amanda,Mcdonald,amanda.mcdonald@example.com,6120020250,251 Leslie Tunnel Apt. 127,Los Angeles,California,USA,18388,completed,2024-12-26 00:25:41,2024-12-27 11:26:13,ff65bf66-95bc-4254-bf5b-85d420fb65bd,7
124,John,Sanchez,john.sanchez@example.com,3920437925,9816 Richardson Turnpike,Sacramento,California,USA,31247,pending,2025-01-02 20:59:08,,309f25e8-050e-4cd9-a5bb-5367d4d5e211,6
125,Mindy,Walker,mindy.walker@example.com,8256619014,676 Sullivan Plains,San Francisco,California,USA,53620,in_progress,2024-10-25 03:34:53,,f9b0b3a8-93e7-4b68-ba92-19609942f933,10
126,Shawn,Conway,shawn.conway@example.com,1732314629,2372 Katherine Creek,San Jose,California,USA,66015,completed,2024-12-11 13:16:16,2024-12-11 14:34:42,abef11dd-9c38-4990-9ff4-8097c32517dd,14
127,Angela,Wells,angela.wells@example.com,1576097927,0537 Vargas Dam Suite 960,San Francisco,California,USA,72517,pending,2025-01-10 01:33:55,,3d981731-12b8-43ce-8130-5d5868514d07,20
128,Randy,Kim,randy.kim@example.com,7879542721,640 Katie Canyon,San Francisco,California,USA,50185,completed,2024-11-19 18:22:17,2024-11-23 09:47:27,cba13c62-54f9-4be5-8b1f-952c01148b9e,9
129,Roger,Obrien,roger.obrien@example.com,3877035760,3352 Henderson Greens Suite 846,Sacramento,California,USA,06124,in_progress,2024-11-17 18:05:51,,7e695399-2a7a-4446-864b-379709170140,9
130,Robert,Gonzales,robert.gonzales@example.com,5222455464,99296 Michael Rue,San Francisco,California,USA,89857,completed,2024-10-29 18:25:59,2024-11-04 03:40:27,d8cd6197-a6fa-43f8-bb2b-e2e26615fcdb,13
131,Jeff,Arnold,jeff.arnold@example.com,5923769049,4890 Timothy Roads Suite 379,San Francisco,California,USA,49882,completed,2024-12-01 00:53:29,2024-12-06 02:41:11,24dd2f11-9784-4f53-8938-3862c9f041fb,11
132,Geoffrey,Cooper,geoffrey.cooper@example.com,7819423523,940 Sherry Street Apt. 341,San Diego,California,USA,58366,completed,2024-11-11 18:06:35,2024-11-12 00:24:09,3e73ded6-97d4-4774-afba-39a1e460222e,3
133,Bonnie,Diaz,bonnie.diaz@example.com,7356430008,9597 Brown Knoll,Los Angeles,California,USA,87204,completed,2025-01-16 09:48:36,2025-01-23 06:41:24,6094ef91-b42f-428d-8092-7a69e9cdcb9d,19
134,Robert,Logan,robert.logan@example.com,2983142283,34576 Clarke Isle,Los Angeles,California,USA,02763,completed,2024-11-12 04:14:02,2024-11-12 09:22:03,db79c98c-8c41-4b29-bcb7-9d97a11c0735,6
135,Jim,Moreno,jim.moreno@example.com,5100887665,73791 Campbell Forest Suite 217,San Diego,California,USA,84471,pending,2025-01-01 11:07:26,,f6d551cf-ae0a-4b96-b134-27f9e999c2f7,5
136,Christopher,Lowe,christopher.lowe@example.com,9300999775,95712 Pamela Spur Apt. 194,San Diego,California,USA,08325,pending,2024-10-30 13:11:17,,66e3b4f3-80a6-4589-a15a-c39e0e11f728,2
137,Mary,Marquez,mary.marquez@example.com,6365897356,8226 Greer Place Apt. 004,San Francisco,California,USA,31801,completed,2025-01-11 17:58:02,2025-01-12 20:03:02,93cebb38-c828-4126-8082-5c46f484fba2,12
138,Charles,Taylor,charles.taylor@example.com,4442960247,2065 Thompson Junctions,Sacramento,California,USA,95985,pending,2024-11-08 18:58:40,,ebfa27da-8f57-4c46-9d9f-eea6244e1c67,15
139,Gene,Brown,gene.brown@example.com,4997129951,88135 David Station,San Diego,California,USA,19298,completed,2024-12-19 22:24:48,2024-12-20 06:29:40,88c54620-e737-436f-8a6e-707c021ec319,19
140,Breanna,Norris,breanna.norris@example.com,8336556088,017 Rogers Union Apt. 430,Sacramento,California,USA,65970,in_progress,2024-12-13 09:29:30,,0fffd3f6-9a02-4c7d-931d-8bdda3b2a628,3
141,Megan,Jones,megan.jones@example.com,1545730102,22663 Amanda Forges Apt. 560,San Diego,California,USA,64651,in_progress,2024-12-09 06:05:01,,9511fe7b-8124-4d1d-b6a1-4bc40db49611,9
142,Jennifer,Jones,jennifer.jones@example.com,7112251461,28139 Victoria Path Apt. 617,San Francisco,California,USA,55370,completed,2024-11-19 23:32:16,2024-11-25 21:01:18,1e1c9c4c-7530-4514-b95e-f6884842ae8b,17
143,William,King,william.king@example.com,3437326755,5042 Stevenson Trafficway Suite 175,Sacramento,California,USA,07815,in_progress,2024-11-25 12:14:52,,f704b853-3d33-436f-802a-de46c2a91f13,16
144,Douglas,Goodwin,douglas.goodwin@example.com,4089956825,7352 Steven Knolls Apt. 119,San Jose,California,USA,13619,completed,2024-10-26 03:28:10,2024-10-27 23:57:31,caa3bbcd-0b99-40fa-a712-95c0be45fddc,14
145,Sherry,Thomas,sherry.thomas@example.com,8638557476,4934 Cruz Villages,San Jose,California,USA,44556,pending,2024-12-12 09:56:53,,552f8add-0762-4eae-8231-9b3e4ac8621d,9
146,Destiny,Hull,destiny.hull@example.com,4948830831,745 David Lodge,Los Angeles,California,USA,61275,in_progress,2024-11-12 02:13:07,,e11ba8af-07da-4c95-950e-c111f83ecd2a,20
147,Eric,Smith,eric.smith@example.com,9034417182,504 Jonathan Rue Apt. 249,Los Angeles,California,USA,09292,completed,2025-01-01 08:07:09,2025-01-09 16:40:58,752e8613-258e-4ed0-8cd2-87ace96f5beb,8
148,Anne,Jackson,anne.jackson@example.com,2303482964,4662 Walker Street Suite 123,San Diego,California,USA,64498,pending,2025-01-20 18:00:54,,e95562a6-e44e-4851-98b3-580597cc1645,10
149,Daniel,Odonnell,daniel.odonnell@example.com,3817221272,560 Mcdonald Garden,San Diego,California,USA,24398,completed,2024-11-22 16:32:08,2024-11-24 11:33:38,08ee853e-85c6-4c33-b922-39cac03231f9,21
150,Bryan,Padilla,bryan.padilla@example.com,6958299783,1276 Warren Passage Suite 664,San Diego,California,USA,99855,in_progress,2024-12-17 09:59:47,,c7e12ad6-610a-453f-9218-e4c06dadcdb4,7
151,Amanda,Beck,amanda.beck@example.com,2898554119,43966 Williams Crossroad,San Francisco,California,USA,70430,completed,2024-10-23 23:56:17,2024-10-29 07:44:49,5fea20f7-c593-4180-9923-462f4541b215,19
152,Evelyn,Brewer,evelyn.brewer@example.com,8782774991,0392 Crystal Tunnel Apt. 411,San Diego,California,USA,10133,completed,2025-01-07 06:20:44,2025-01-08 08:23:45,23b235b1-6771-41b4-89a0-5637ec90c583,19
153,Charles,Joyce,charles.joyce@example.com,7350250122,76204 Oscar Passage Suite 528,San Francisco,California,USA,14811,completed,2025-01-15 09:37:21,2025-01-23 04:21:39,efb5ad14-c81e-4ca7-9b92-118e1fa6670e,8
154,Steven,Perez,steven.perez@example.com,4876992117,7466 Jeffrey Fall Apt. 629,San Diego,California,USA,51273,pending,2024-10-29 21:07:18,,53459982-23ba-4201-93a7-8cdec945d836,8
155,Natalie,Bryant,natalie.bryant@example.com,1152870127,37791 Sharp Ways Suite 743,Sacramento,California,USA,34017,completed,2025-01-20 10:02:02,2025-01-24 02:31:36,5ad9c998-45eb-4c85-bed4-9176fad2be76,15
156,Charles,Smith,charles.smith@example.com,1313047747,28553 Michael Extension,San Jose,California,USA,31683,in_progress,2025-01-19 19:59:21,,29d48a35-2cdc-4dff-afd7-ef60375bdbc5,19
157,Tamara,Blair,tamara.blair@example.com,2959217962,2553 Judy Terrace,San Diego,California,USA,66951,pending,2025-01-14 20:17:14,,efc24cad-55b3-4730-be7a-76e648b12781,18
158,Sydney,Ford,sydney.ford@example.com,8952420102,47411 Meghan Trace,San Diego,California,USA,56573,completed,2024-10-22 09:13:25,2024-10-28 08:12:02,6ef3d69e-04cd-4fad-a2cf-42b9fadb12a3,4
159,Cody,Martinez,cody.martinez@example.com,4435868304,92255 Ward Mountains Apt. 469,Sacramento,California,USA,95290,completed,2025-01-16 04:22:51,2025-01-17 00:33:24,ca43b136-ab7e-417e-a2aa-654a920ff9c9,3
160,Marissa,James,marissa.james@example.com,7725552361,776 Allen Court Apt. 906,Los Angeles,California,USA,25299,completed,2024-11-19 06:42:09,2024-11-20 00:48:04,f41ab9d1-0ee5-4336-b5a2-627234e5cb51,14
161,Andrea,Byrd,andrea.byrd@example.com,9796047873,289 Teresa Dale Suite 423,San Jose,California,USA,37983,in_progress,2024-12-12 10:44:03,,05b95cf9-8377-412c-a63f-3d415adcd234,12
162,Alison,Jackson,alison.jackson@example.com,8915540757,4055 Christopher Cape,San Diego,California,USA,00997,completed,2024-12-15 14:05:21,2024-12-15 22:45:19,958c570d-956a-4125-83b9-604b7d56e7a3,22
163,Christian,Lara,christian.lara@example.com,7227909120,85465 Andrew Spurs,San Francisco,California,USA,19566,completed,2024-11-17 20:03:21,2024-11-18 07:19:51,58a32b08-cba6-49dd-9e28-04782825dee5,10
164,George,Walsh,george.walsh@example.com,6090120367,8743 Derek Way,San Diego,California,USA,92837,completed,2024-11-06 08:45:09,2024-11-07 02:29:44,bc5941e9-90ef-4d5c-bb96-fe448bba65fe,22
165,Julia,Zimmerman,julia.zimmerman@example.com,9574897102,93185 Ryan Mission Suite 786,San Jose,California,USA,81279,completed,2024-12-01 05:36:48,2024-12-01 15:14:05,8aa2d1e1-f1ea-4abe-8353-a8dce9023221,18
166,Curtis,Vaughn,curtis.vaughn@example.com,3532601884,64494 Isabella Lane,Los Angeles,California,USA,49071,in_progress,2024-11-04 10:07:36,,a2911449-49be-442e-bf8b-674235e13be6,18
167,Mary,Hampton,mary.hampton@example.com,6363302518,8102 Frederick Springs,San Francisco,California,USA,52182,pending,2024-10-25 15:51:09,,14e691f7-05ad-4186-9abd-954d7e41adbc,17
168,Amy,Rowe,amy.rowe@example.com,3314247645,3099 Fox Cliff Apt. 416,Sacramento,California,USA,95579,pending,2024-11-14 09:45:50,,7f179443-213b-4aaf-8d46-38456a34d36c,12
169,Lindsay,Marsh,lindsay.marsh@example.com,3581273603,75852 Gabriel Key Apt. 595,Sacramento,California,USA,75672,pending,2024-10-28 09:23:41,,6af884d1-062d-4183-9bae-620fd4c23a24,20
170,Nina,King,nina.king@example.com,6416232397,4018 Tamara Track Apt. 747,Los Angeles,California,USA,28687,completed,2024-12-31 03:27:25,2025-01-02 13:14:47,9bac4495-3274-411f-962f-f0609b210fa3,17
171,Sandra,Mclean,sandra.mclean@example.com,7169801674,3800 Jose Mews Apt. 314,San Francisco,California,USA,36134,pending,2024-10-29 15:06:07,,e910994a-fe32-42ad-ac90-25d0c2887708,6
172,Teresa,Rodriguez,teresa.rodriguez@example.com,8646000400,6349 Irwin Square Suite 529,Sacramento,California,USA,28524,completed,2024-12-02 18:01:50,2024-12-02 19:07:39,ae087226-f676-4fc1-a75e-4263ddf35ec2,20
173,Laura,Anderson,laura.anderson@example.com,9035609847,73528 Myers Camp,Sacramento,California,USA,21820,in_progress,2024-11-01 02:27:18,,15df548d-82c6-445d-b995-e113558dd171,15
174,Douglas,Price,douglas.price@example.com,4810781425,11289 Michael Forges Suite 384,San Jose,California,USA,22339,in_progress,2024-12-19 21:43:22,,31dc2cf0-b38a-40de-9f18-ed37ec8ae263,22
175,Victoria,Pearson,victoria.pearson@example.com,8995007135,800 Jose Ford Apt. 874,San Jose,California,USA,28667,in_progress,2024-12-17 01:57:33,,d696f4c6-e3b5-4cd9-8667-c384f7a37e5d,18
176,William,Marsh,william.marsh@example.com,9950475709,22079 Kristen Mountains,San Jose,California,USA,17305,pending,2024-12-28 02:38:14,,f1729a48-7679-42e6-a3b8-c043030546f8,7
177,Daniel,Wang,daniel.wang@example.com,1689749113,6261 Lara Landing Apt. 879,Sacramento,California,USA,99846,in_progress,2024-12-31 14:17:02,,be514797-99c3-4feb-8742-c8c0827f8967,9
178,Eric,Long,eric.long@example.com,3983541737,878 Jacob Shores Apt. 550,San Francisco,California,USA,01588,pending,2024-11-15 08:41:36,,6b688c4b-fa18-4b51-819c-9a9184602e14,22
179,Helen,Williams,helen.williams@example.com,6771750097,179 Alan Hills Suite 844,Los Angeles,California,USA,96651,in_progress,2024-10-22 19:12:15,,9677599e-d05c-4192-bf6d-9a37588c8867,7
180,Jerry,Smith,jerry.smith@example.com,1951369809,5645 Lisa Cape Apt. 696,San Jose,California,USA,61546,in_progress,2025-01-09 07:47:18,,da8d3a2d-3a3b-4aa2-bcd8-430842981904,16
181,Donald,King,donald.king@example.com,9720692627,3943 Sanchez Stravenue,San Francisco,California,USA,44384,completed,2024-10-23 06:29:07,2024-10-26 04:16:47,e395fdfc-2544-4ea0-a454-4255f94763e6,2
182,Sharon,Alvarez,sharon.alvarez@example.com,1375652025,996 Decker Creek,Sacramento,California,USA,96275,completed,2024-11-17 11:29:07,2024-11-22 02:46:26,b18579fd-c8c2-42da-a366-88b55178168d,8
183,Kristie,Johnston,kristie.johnston@example.com,3560724359,33500 David Rest,San Francisco,California,USA,09026,pending,2024-11-05 22:50:11,,6e34efbd-083f-42ac-a303-f88294fb46c4,12
184,Frederick,Jackson,frederick.jackson@example.com,5159300651,624 Tommy Stravenue,Los Angeles,California,USA,56261,completed,2024-11-22 12:02:05,2024-11-27 14:32:30,4c34c5f2-0cd1-49d2-9995-250e391387b7,3
185,Matthew,Williams,matthew.williams@example.com,5549916213,60553 Heidi Trail Apt. 210,San Jose,California,USA,98466,in_progress,2024-12-07 08:27:24,,5dc9ec5d-c024-4501-aef4-99eba19690c2,7
186,Christopher,Townsend,christopher.townsend@example.com,7487202903,219 Richard Stream,San Diego,California,USA,31913,completed,2024-12-31 01:08:30,2025-01-02 11:52:55,0044dca8-bbee-48ca-a3b3-05a5f8b98965,14
187,Brittany,Mckinney,brittany.mckinney@example.com,2188610884,028 Audrey Shores,San Jose,California,USA,08776,pending,2024-10-23 15:29:46,,55ac7699-bef4-44e6-856e-d181d251f1c0,11
188,Matthew,Romero,matthew.romero@example.com,3080705729,242 Holden Plain Apt. 269,San Francisco,California,USA,02464,completed,2024-12-28 21:38:25,2024-12-29 11:32:18,75c876bf-1139-4ae2-b670-ea4dd497e0a6,14
189,Shelly,Lester,shelly.lester@example.com,3357458660,013 Kimberly Walk Suite 917,Sacramento,California,USA,27169,completed,2024-10-29 03:12:24,2024-10-30 22:29:09,9e849cee-29f6-4274-9c51-5aaace3f98ed,2
190,Brandy,Reese,brandy.reese@example.com,6715092673,47512 Hall Fall Suite 589,San Jose,California,USA,98736,pending,2025-01-13 13:24:23,,201c4fe5-5c75-47ea-9542-009f6e89619a,19
191,Derek,Ray,derek.ray@example.com,3877382017,5806 Turner Stravenue,Los Angeles,California,USA,53355,completed,2024-10-31 11:21:14,2024-11-02 01:34:52,221afa6f-c78f-4eca-ab22-5aee6b773b90,15
192,Jeffrey,Yates,jeffrey.yates@example.com,1357732724,1288 Brittany Burgs,San Francisco,California,USA,53031,pending,2024-10-27 10:31:01,,bca7b68f-82d2-4134-89a4-ea19a885d750,19
193,William,Blair,william.blair@example.com,5893390998,277 Lloyd Coves,Sacramento,California,USA,41916,in_progress,2024-12-01 23:40:33,,131e3171-4b6c-4212-a3b6-63bc57bec376,20
194,Carl,Jordan,carl.jordan@example.com,2732888336,19025 John Fork,San Diego,California,USA,25614,completed,2025-01-09 04:13:41,2025-01-11 07:12:09,7107fb7e-eaa6-461e-8048-949ac530f671,7
195,Jonathan,Peters,jonathan.peters@example.com,8615443112,141 Moran Mill,Sacramento,California,USA,70595,in_progress,2024-10-31 19:34:05,,6c676bd4-8c1c-45c7-88ef-2f043cda2a15,13
196,Sharon,Owens,sharon.owens@example.com,6213552532,302 Melissa Gardens Apt. 834,Sacramento,California,USA,72028,in_progress,2024-11-14 19:55:40,,039fd7b5-8d5c-40ce-8dbc-27de84987996,3
197,Benjamin,Rose,benjamin.rose@example.com,2890595865,59210 Madison Rapid,San Diego,California,USA,79024,completed,2024-11-03 07:02:40,2024-11-04 19:16:32,345a87a9-572a-4e20-a36d-b85df14d5934,2
198,Patricia,Martin,patricia.martin@example.com,1574884988,58185 Rachel Mews,San Diego,California,USA,07134,completed,2025-01-19 17:34:20,2025-01-21 02:13:23,7324354e-dbdc-43f3-83cd-249ca673681c,22
199,Renee,Adams,renee.adams@example.com,6316832891,9343 John Pines Suite 852,Sacramento,California,USA,14301,in_progress,2024-11-29 12:59:45,,6839ce7f-d0eb-4dce-bf21-4734701aa578,8
200,Rachel,Young,rachel.young@example.com,3590944269,5038 Gardner Village Apt. 797,San Jose,California,USA,69534,in_progress,2024-11-08 10:12:44,,dadd2844-1267-45f9-8ff5-78c118f74955,23
